<?xml version="1.0" encoding="UTF-8" standalone="yes"?>
<w:comments xmlns:wpc="http://schemas.microsoft.com/office/word/2010/wordprocessingCanvas" xmlns:mc="http://schemas.openxmlformats.org/markup-compatibility/2006" xmlns:o="urn:schemas-microsoft-com:office:office" xmlns:r="http://schemas.openxmlformats.org/officeDocument/2006/relationships" xmlns:m="http://schemas.openxmlformats.org/officeDocument/2006/math" xmlns:v="urn:schemas-microsoft-com:vml" xmlns:wp14="http://schemas.microsoft.com/office/word/2010/wordprocessingDrawing" xmlns:wp="http://schemas.openxmlformats.org/drawingml/2006/wordprocessingDrawing" xmlns:w10="urn:schemas-microsoft-com:office:word" xmlns:w="http://schemas.openxmlformats.org/wordprocessingml/2006/main" xmlns:w14="http://schemas.microsoft.com/office/word/2010/wordml" xmlns:wpg="http://schemas.microsoft.com/office/word/2010/wordprocessingGroup" xmlns:wpi="http://schemas.microsoft.com/office/word/2010/wordprocessingInk" xmlns:wne="http://schemas.microsoft.com/office/word/2006/wordml" xmlns:wps="http://schemas.microsoft.com/office/word/2010/wordprocessingShape" mc:Ignorable="w14 wp14"><w:comment w:id="1" w:author="amlb2014@gmail.com" w:date="2019-05-05T21:26:00Z" w:initials="a"><w:p w14:paraId="4994EB11" w14:textId="77777777" w:rsidR="00BA50BB" w:rsidRDefault="00BA50BB"><w:pPr><w:pStyle w:val="Textodecomentrio"/></w:pPr><w:r><w:rPr><w:rStyle w:val="Refdecomentrio"/></w:rPr><w:annotationRef/></w:r><w:r><w:t>Em um mundo ...</w:t></w:r></w:p></w:comment><w:comment w:id="2" w:author="amlb2014@gmail.com" w:date="2019-05-05T21:27:00Z" w:initials="a"><w:p w14:paraId="710AB773" w14:textId="77777777" w:rsidR="00BA50BB" w:rsidRDefault="00BA50BB"><w:pPr><w:pStyle w:val="Textodecomentrio"/></w:pPr><w:r><w:rPr><w:rStyle w:val="Refdecomentrio"/></w:rPr><w:annotationRef/></w:r><w:r><w:t>Termo inadequado ao contexto, prefira usar em que</w:t></w:r><w:proofErr w:type="gramStart"/><w:r><w:t xml:space="preserve">  </w:t></w:r><w:proofErr w:type="gramEnd"/><w:r><w:t>ou  no qual</w:t></w:r></w:p></w:comment><w:comment w:id="3" w:author="amlb2014@gmail.com" w:date="2019-05-05T21:28:00Z" w:initials="a"><w:p w14:paraId="432CB388" w14:textId="77777777" w:rsidR="00BA50BB" w:rsidRDefault="00BA50BB"><w:pPr><w:pStyle w:val="Textodecomentrio"/></w:pPr><w:r><w:rPr><w:rStyle w:val="Refdecomentrio"/></w:rPr><w:annotationRef/></w:r><w:r><w:t>Concordância inadequada</w:t></w:r></w:p></w:comment><w:comment w:id="4" w:author="amlb2014@gmail.com" w:date="2019-05-05T21:29:00Z" w:initials="a"><w:p w14:paraId="24F052E2" w14:textId="77777777" w:rsidR="00BA50BB" w:rsidRDefault="00BA50BB"><w:pPr><w:pStyle w:val="Textodecomentrio"/></w:pPr><w:r><w:rPr><w:rStyle w:val="Refdecomentrio"/></w:rPr><w:annotationRef/></w:r><w:r><w:t xml:space="preserve">...da </w:t></w:r></w:p></w:comment></w:comments>