<?xml version="1.0" encoding="UTF-8" standalone="yes"?>
<w:document xmlns:wpc="http://schemas.microsoft.com/office/word/2010/wordprocessingCanvas" xmlns:mc="http://schemas.openxmlformats.org/markup-compatibility/2006" xmlns:o="urn:schemas-microsoft-com:office:office" xmlns:r="http://schemas.openxmlformats.org/officeDocument/2006/relationships" xmlns:m="http://schemas.openxmlformats.org/officeDocument/2006/math" xmlns:v="urn:schemas-microsoft-com:vml" xmlns:wp14="http://schemas.microsoft.com/office/word/2010/wordprocessingDrawing" xmlns:wp="http://schemas.openxmlformats.org/drawingml/2006/wordprocessingDrawing" xmlns:w10="urn:schemas-microsoft-com:office:word" xmlns:w="http://schemas.openxmlformats.org/wordprocessingml/2006/main" xmlns:w14="http://schemas.microsoft.com/office/word/2010/wordml" xmlns:wpg="http://schemas.microsoft.com/office/word/2010/wordprocessingGroup" xmlns:wpi="http://schemas.microsoft.com/office/word/2010/wordprocessingInk" xmlns:wne="http://schemas.microsoft.com/office/word/2006/wordml" xmlns:wps="http://schemas.microsoft.com/office/word/2010/wordprocessingShape" mc:Ignorable="w14 wp14"><w:body><w:p w14:paraId="44E6543A" w14:textId="77777777" w:rsidR="0008632A" w:rsidRDefault="0008632A" w:rsidP="0008632A"><w:pPr><w:pStyle w:val="Normal1"/><w:spacing w:before="0" w:beforeAutospacing="0" w:after="0" w:afterAutospacing="0" w:line="360" w:lineRule="atLeast"/><w:rPr><w:rFonts w:ascii="Calibri" w:hAnsi="Calibri" w:cs="Calibri"/><w:color w:val="000000"/><w:sz w:val="22"/><w:szCs w:val="22"/></w:rPr></w:pPr><w:bookmarkStart w:id="0" w:name="_GoBack"/><w:bookmarkEnd w:id="0"/><w:r><w:rPr><w:rStyle w:val="normalchar"/><w:rFonts w:ascii="Arial" w:hAnsi="Arial" w:cs="Arial"/><w:b/><w:bCs/><w:color w:val="000000"/><w:sz w:val="28"/><w:szCs w:val="28"/></w:rPr><w:t>Nome:</w:t></w:r><w:r><w:rPr><w:rStyle w:val="normalchar"/><w:rFonts w:ascii="Arial" w:hAnsi="Arial" w:cs="Arial"/><w:color w:val="000000"/><w:sz w:val="28"/><w:szCs w:val="28"/></w:rPr><w:t xml:space="preserve"> Alan Gustavo </w:t></w:r><w:proofErr w:type="spellStart"/><w:r><w:rPr><w:rStyle w:val="normalchar"/><w:rFonts w:ascii="Arial" w:hAnsi="Arial" w:cs="Arial"/><w:color w:val="000000"/><w:sz w:val="28"/><w:szCs w:val="28"/></w:rPr><w:t>Weiler</w:t></w:r><w:proofErr w:type="spellEnd"/><w:r><w:rPr><w:rStyle w:val="normalchar"/><w:rFonts w:ascii="Arial" w:hAnsi="Arial" w:cs="Arial"/><w:color w:val="000000"/><w:sz w:val="28"/><w:szCs w:val="28"/></w:rPr><w:t xml:space="preserve"> </w:t></w:r><w:proofErr w:type="spellStart"/><w:r><w:rPr><w:rStyle w:val="normalchar"/><w:rFonts w:ascii="Arial" w:hAnsi="Arial" w:cs="Arial"/><w:color w:val="000000"/><w:sz w:val="28"/><w:szCs w:val="28"/></w:rPr><w:t>Gayger</w:t></w:r><w:proofErr w:type="spellEnd"/></w:p><w:p w14:paraId="533A023F" w14:textId="77777777" w:rsidR="0008632A" w:rsidRDefault="0008632A" w:rsidP="0008632A"><w:pPr><w:pStyle w:val="Normal1"/><w:spacing w:before="0" w:beforeAutospacing="0" w:after="0" w:afterAutospacing="0" w:line="360" w:lineRule="atLeast"/><w:rPr><w:rFonts w:ascii="Calibri" w:hAnsi="Calibri" w:cs="Calibri"/><w:color w:val="000000"/><w:sz w:val="22"/><w:szCs w:val="22"/></w:rPr></w:pPr><w:r><w:rPr><w:rStyle w:val="normalchar"/><w:rFonts w:ascii="Arial" w:hAnsi="Arial" w:cs="Arial"/><w:b/><w:bCs/><w:color w:val="000000"/><w:sz w:val="28"/><w:szCs w:val="28"/></w:rPr><w:t>E-mail:</w:t></w:r><w:r><w:rPr><w:rStyle w:val="normalchar"/><w:rFonts w:ascii="Arial" w:hAnsi="Arial" w:cs="Arial"/><w:color w:val="000000"/><w:sz w:val="28"/><w:szCs w:val="28"/></w:rPr><w:t> </w:t></w:r><w:hyperlink r:id="rId5" w:tgtFrame="_blank" w:history="1"><w:r><w:rPr><w:rStyle w:val="hyperlinkchar"/><w:rFonts w:ascii="Arial" w:hAnsi="Arial" w:cs="Arial"/><w:color w:val="0000FF"/><w:sz w:val="28"/><w:szCs w:val="28"/><w:u w:val="single"/></w:rPr><w:t>alanbikegwg@gmail.com</w:t></w:r></w:hyperlink></w:p><w:p w14:paraId="7375082B" w14:textId="77777777" w:rsidR="0008632A" w:rsidRDefault="0008632A" w:rsidP="0008632A"><w:pPr><w:pStyle w:val="Normal1"/><w:spacing w:before="0" w:beforeAutospacing="0" w:after="0" w:afterAutospacing="0" w:line="360" w:lineRule="atLeast"/><w:rPr><w:rFonts w:ascii="Calibri" w:hAnsi="Calibri" w:cs="Calibri"/><w:color w:val="000000"/><w:sz w:val="22"/><w:szCs w:val="22"/></w:rPr></w:pPr><w:r><w:rPr><w:rStyle w:val="normalchar"/><w:rFonts w:ascii="Arial" w:hAnsi="Arial" w:cs="Arial"/><w:b/><w:bCs/><w:color w:val="000000"/><w:sz w:val="28"/><w:szCs w:val="28"/></w:rPr><w:t>Código de identificação:</w:t></w:r><w:r><w:rPr><w:rStyle w:val="normalchar"/><w:rFonts w:ascii="Arial" w:hAnsi="Arial" w:cs="Arial"/><w:color w:val="000000"/><w:sz w:val="28"/><w:szCs w:val="28"/></w:rPr><w:t> R1N001</w:t></w:r></w:p><w:p w14:paraId="6BC75F4A" w14:textId="77777777" w:rsidR="0008632A" w:rsidRDefault="0008632A" w:rsidP="0008632A"><w:pPr><w:pStyle w:val="Normal1"/><w:spacing w:before="0" w:beforeAutospacing="0" w:after="200" w:afterAutospacing="0" w:line="260" w:lineRule="atLeast"/><w:rPr><w:rFonts w:ascii="Calibri" w:hAnsi="Calibri" w:cs="Calibri"/><w:color w:val="000000"/><w:sz w:val="22"/><w:szCs w:val="22"/></w:rPr></w:pPr><w:r><w:rPr><w:rFonts w:ascii="Calibri" w:hAnsi="Calibri" w:cs="Calibri"/><w:color w:val="000000"/><w:sz w:val="22"/><w:szCs w:val="22"/></w:rPr><w:t> </w:t></w:r></w:p><w:p w14:paraId="5A9F9BE2" w14:textId="77777777" w:rsidR="0008632A" w:rsidRDefault="0008632A" w:rsidP="0008632A"><w:pPr><w:pStyle w:val="Normal1"/><w:spacing w:before="0" w:beforeAutospacing="0" w:after="0" w:afterAutospacing="0" w:line="360" w:lineRule="atLeast"/><w:ind w:firstLine="1400"/><w:jc w:val="center"/><w:rPr><w:rFonts w:ascii="Calibri" w:hAnsi="Calibri" w:cs="Calibri"/><w:color w:val="000000"/><w:sz w:val="22"/><w:szCs w:val="22"/></w:rPr></w:pPr><w:r><w:rPr><w:rStyle w:val="normalchar"/><w:rFonts w:ascii="Arial" w:hAnsi="Arial" w:cs="Arial"/><w:color w:val="000000"/><w:sz w:val="28"/><w:szCs w:val="28"/></w:rPr><w:t>Celular: Prisão Virtual</w:t></w:r></w:p><w:p w14:paraId="382C0CA3" w14:textId="77777777" w:rsidR="0008632A" w:rsidRDefault="0008632A" w:rsidP="0008632A"><w:pPr><w:pStyle w:val="Normal1"/><w:spacing w:before="0" w:beforeAutospacing="0" w:after="0" w:afterAutospacing="0" w:line="360" w:lineRule="atLeast"/><w:ind w:firstLine="1400"/><w:jc w:val="both"/><w:rPr><w:rFonts w:ascii="Calibri" w:hAnsi="Calibri" w:cs="Calibri"/><w:color w:val="000000"/><w:sz w:val="22"/><w:szCs w:val="22"/></w:rPr></w:pPr><w:r><w:rPr><w:rStyle w:val="normalchar"/><w:rFonts w:ascii="Arial" w:hAnsi="Arial" w:cs="Arial"/><w:color w:val="000000"/><w:sz w:val="28"/><w:szCs w:val="28"/></w:rPr><w:t>Desde 1983, data de lançamento do primeiro aparelho de celular, feito pela Motorola, muita coisa mudou. O dispositivo popularizou-se, suas funções ampliaram-se e o seu uso tornou-se constante nas vidas de milhões por todo o planeta. Infelizmente, junto com todos os benefícios da tecnologia</w:t></w:r><w:r w:rsidR="00BA50BB"><w:rPr><w:rStyle w:val="normalchar"/><w:rFonts w:ascii="Arial" w:hAnsi="Arial" w:cs="Arial"/><w:color w:val="FF0000"/><w:sz w:val="28"/><w:szCs w:val="28"/></w:rPr><w:t>,</w:t></w:r><w:r><w:rPr><w:rStyle w:val="normalchar"/><w:rFonts w:ascii="Arial" w:hAnsi="Arial" w:cs="Arial"/><w:color w:val="000000"/><w:sz w:val="28"/><w:szCs w:val="28"/></w:rPr><w:t xml:space="preserve"> vieram o vício e a ampliação da exploração do trabalhador.</w:t></w:r></w:p><w:p w14:paraId="0CED9366" w14:textId="77777777" w:rsidR="0008632A" w:rsidRDefault="0008632A" w:rsidP="0008632A"><w:pPr><w:pStyle w:val="Normal1"/><w:spacing w:before="0" w:beforeAutospacing="0" w:after="0" w:afterAutospacing="0" w:line="360" w:lineRule="atLeast"/><w:ind w:firstLine="1400"/><w:jc w:val="both"/><w:rPr><w:rFonts w:ascii="Calibri" w:hAnsi="Calibri" w:cs="Calibri"/><w:color w:val="000000"/><w:sz w:val="22"/><w:szCs w:val="22"/></w:rPr></w:pPr><w:commentRangeStart w:id="1"/><w:r><w:rPr><w:rStyle w:val="normalchar"/><w:rFonts w:ascii="Arial" w:hAnsi="Arial" w:cs="Arial"/><w:color w:val="000000"/><w:sz w:val="28"/><w:szCs w:val="28"/></w:rPr><w:t>Num</w:t></w:r><w:commentRangeEnd w:id="1"/><w:r w:rsidR="00BA50BB"><w:rPr><w:rStyle w:val="Refdecomentrio"/><w:rFonts w:asciiTheme="minorHAnsi" w:eastAsiaTheme="minorHAnsi" w:hAnsiTheme="minorHAnsi" w:cstheme="minorBidi"/><w:lang w:eastAsia="en-US"/></w:rPr><w:commentReference w:id="1"/></w:r><w:r><w:rPr><w:rStyle w:val="normalchar"/><w:rFonts w:ascii="Arial" w:hAnsi="Arial" w:cs="Arial"/><w:color w:val="000000"/><w:sz w:val="28"/><w:szCs w:val="28"/></w:rPr><w:t xml:space="preserve"> mundo </w:t></w:r><w:commentRangeStart w:id="2"/><w:r><w:rPr><w:rStyle w:val="normalchar"/><w:rFonts w:ascii="Arial" w:hAnsi="Arial" w:cs="Arial"/><w:color w:val="000000"/><w:sz w:val="28"/><w:szCs w:val="28"/></w:rPr><w:t>onde</w:t></w:r><w:commentRangeEnd w:id="2"/><w:r w:rsidR="00BA50BB"><w:rPr><w:rStyle w:val="Refdecomentrio"/><w:rFonts w:asciiTheme="minorHAnsi" w:eastAsiaTheme="minorHAnsi" w:hAnsiTheme="minorHAnsi" w:cstheme="minorBidi"/><w:lang w:eastAsia="en-US"/></w:rPr><w:commentReference w:id="2"/></w:r><w:r><w:rPr><w:rStyle w:val="normalchar"/><w:rFonts w:ascii="Arial" w:hAnsi="Arial" w:cs="Arial"/><w:color w:val="000000"/><w:sz w:val="28"/><w:szCs w:val="28"/></w:rPr><w:t xml:space="preserve"> os vínculos humanos são cada vez mais líquidos e a felicidade mais superficial, os famigerados smartphones oferecem soluções simples e baratas ao vazio existencial. O acesso remoto às redes sociais e a alternativas de entretenimento</w:t></w:r><w:r w:rsidR="00BA50BB"><w:rPr><w:rStyle w:val="normalchar"/><w:rFonts w:ascii="Arial" w:hAnsi="Arial" w:cs="Arial"/><w:color w:val="FF0000"/><w:sz w:val="28"/><w:szCs w:val="28"/></w:rPr><w:t>,</w:t></w:r><w:r><w:rPr><w:rStyle w:val="normalchar"/><w:rFonts w:ascii="Arial" w:hAnsi="Arial" w:cs="Arial"/><w:color w:val="000000"/><w:sz w:val="28"/><w:szCs w:val="28"/></w:rPr><w:t xml:space="preserve"> como Netflix e YouTube</w:t></w:r><w:r w:rsidR="00BA50BB"><w:rPr><w:rStyle w:val="normalchar"/><w:rFonts w:ascii="Arial" w:hAnsi="Arial" w:cs="Arial"/><w:color w:val="FF0000"/><w:sz w:val="28"/><w:szCs w:val="28"/></w:rPr><w:t>,</w:t></w:r><w:r><w:rPr><w:rStyle w:val="normalchar"/><w:rFonts w:ascii="Arial" w:hAnsi="Arial" w:cs="Arial"/><w:color w:val="000000"/><w:sz w:val="28"/><w:szCs w:val="28"/></w:rPr><w:t xml:space="preserve"> possibilitam ao usuário diversas opções de lazer a qualquer hora e em qualquer lugar. Isso viabiliza o uso constante excessivo de </w:t></w:r><w:commentRangeStart w:id="3"/><w:r><w:rPr><w:rStyle w:val="normalchar"/><w:rFonts w:ascii="Arial" w:hAnsi="Arial" w:cs="Arial"/><w:color w:val="000000"/><w:sz w:val="28"/><w:szCs w:val="28"/></w:rPr><w:t xml:space="preserve">tais recursos, o qual </w:t></w:r><w:commentRangeEnd w:id="3"/><w:r w:rsidR="00BA50BB"><w:rPr><w:rStyle w:val="Refdecomentrio"/><w:rFonts w:asciiTheme="minorHAnsi" w:eastAsiaTheme="minorHAnsi" w:hAnsiTheme="minorHAnsi" w:cstheme="minorBidi"/><w:lang w:eastAsia="en-US"/></w:rPr><w:commentReference w:id="3"/></w:r><w:r><w:rPr><w:rStyle w:val="normalchar"/><w:rFonts w:ascii="Arial" w:hAnsi="Arial" w:cs="Arial"/><w:color w:val="000000"/><w:sz w:val="28"/><w:szCs w:val="28"/></w:rPr><w:t>muitas vezes leva ao abuso e ao vício.</w:t></w:r></w:p><w:p w14:paraId="113C5CCA" w14:textId="77777777" w:rsidR="0008632A" w:rsidRDefault="0008632A" w:rsidP="0008632A"><w:pPr><w:pStyle w:val="Normal1"/><w:spacing w:before="0" w:beforeAutospacing="0" w:after="0" w:afterAutospacing="0" w:line="360" w:lineRule="atLeast"/><w:ind w:firstLine="1400"/><w:jc w:val="both"/><w:rPr><w:rFonts w:ascii="Calibri" w:hAnsi="Calibri" w:cs="Calibri"/><w:color w:val="000000"/><w:sz w:val="22"/><w:szCs w:val="22"/></w:rPr></w:pPr><w:r><w:rPr><w:rStyle w:val="normalchar"/><w:rFonts w:ascii="Arial" w:hAnsi="Arial" w:cs="Arial"/><w:color w:val="000000"/><w:sz w:val="28"/><w:szCs w:val="28"/></w:rPr><w:t xml:space="preserve">Além disso, os celulares também possibilitaram a execução de diversas atividades profissionais de modo remoto, através de aplicativos de trabalho e de comunicação. Atualmente, um empregado pode fazer relatórios, checar e-mails, contatar clientes e realizar várias tarefas em casa, no avião ou na fila do dentista. Isso gera a intromissão da vida profissional na </w:t></w:r><w:r w:rsidR="00BA50BB"><w:rPr><w:rStyle w:val="normalchar"/><w:rFonts w:ascii="Arial" w:hAnsi="Arial" w:cs="Arial"/><w:color w:val="FF0000"/><w:sz w:val="28"/><w:szCs w:val="28"/></w:rPr><w:t xml:space="preserve">vida </w:t></w:r><w:r><w:rPr><w:rStyle w:val="normalchar"/><w:rFonts w:ascii="Arial" w:hAnsi="Arial" w:cs="Arial"/><w:color w:val="000000"/><w:sz w:val="28"/><w:szCs w:val="28"/></w:rPr><w:t xml:space="preserve">pessoal e o aumento </w:t></w:r><w:commentRangeStart w:id="4"/><w:r><w:rPr><w:rStyle w:val="normalchar"/><w:rFonts w:ascii="Arial" w:hAnsi="Arial" w:cs="Arial"/><w:color w:val="000000"/><w:sz w:val="28"/><w:szCs w:val="28"/></w:rPr><w:t>na</w:t></w:r><w:commentRangeEnd w:id="4"/><w:r w:rsidR="00BA50BB"><w:rPr><w:rStyle w:val="Refdecomentrio"/><w:rFonts w:asciiTheme="minorHAnsi" w:eastAsiaTheme="minorHAnsi" w:hAnsiTheme="minorHAnsi" w:cstheme="minorBidi"/><w:lang w:eastAsia="en-US"/></w:rPr><w:commentReference w:id="4"/></w:r><w:r><w:rPr><w:rStyle w:val="normalchar"/><w:rFonts w:ascii="Arial" w:hAnsi="Arial" w:cs="Arial"/><w:color w:val="000000"/><w:sz w:val="28"/><w:szCs w:val="28"/></w:rPr><w:t xml:space="preserve"> jornada de trabalho, levando a uma carga excessiva de responsabilidades e obrigações laborais.</w:t></w:r></w:p><w:p w14:paraId="53C075B7" w14:textId="77777777" w:rsidR="0008632A" w:rsidRDefault="0008632A" w:rsidP="0008632A"><w:pPr><w:pStyle w:val="Normal1"/><w:spacing w:before="0" w:beforeAutospacing="0" w:after="0" w:afterAutospacing="0" w:line="360" w:lineRule="atLeast"/><w:ind w:firstLine="1400"/><w:jc w:val="both"/><w:rPr><w:rStyle w:val="normalchar"/><w:rFonts w:ascii="Arial" w:hAnsi="Arial" w:cs="Arial"/><w:color w:val="000000"/><w:sz w:val="28"/><w:szCs w:val="28"/></w:rPr></w:pPr><w:r><w:rPr><w:rStyle w:val="normalchar"/><w:rFonts w:ascii="Arial" w:hAnsi="Arial" w:cs="Arial"/><w:color w:val="000000"/><w:sz w:val="28"/><w:szCs w:val="28"/></w:rPr><w:t>Em suma, as diversas funções dos aparelhos de celular relacionadas tanto a lazer quanto a trabalho podem facilmente levar ao vício e ao abuso de empregados. Para que tais excessos não ocorram, a sociedade como um todo precisa conscientizar-se desses males. Dessa forma, a tecnologia poderá ser utilizada de maneira saudável e sustentável, gerando grandes benefícios à humanidade.</w:t></w:r></w:p><w:p w14:paraId="1970E080" w14:textId="77777777" w:rsidR="00BA50BB" w:rsidRDefault="00BA50BB" w:rsidP="0008632A"><w:pPr><w:pStyle w:val="Normal1"/><w:spacing w:before="0" w:beforeAutospacing="0" w:after="0" w:afterAutospacing="0" w:line="360" w:lineRule="atLeast"/><w:ind w:firstLine="1400"/><w:jc w:val="both"/><w:rPr><w:rStyle w:val="normalchar"/><w:rFonts w:ascii="Arial" w:hAnsi="Arial" w:cs="Arial"/><w:color w:val="000000"/><w:sz w:val="28"/><w:szCs w:val="28"/></w:rPr></w:pPr></w:p><w:p w14:paraId="1A613B03" w14:textId="77777777" w:rsidR="00BA50BB" w:rsidRDefault="00BA50BB" w:rsidP="0008632A"><w:pPr><w:pStyle w:val="Normal1"/><w:spacing w:before="0" w:beforeAutospacing="0" w:after="0" w:afterAutospacing="0" w:line="360" w:lineRule="atLeast"/><w:ind w:firstLine="1400"/><w:jc w:val="both"/><w:rPr><w:rStyle w:val="normalchar"/><w:rFonts w:ascii="Arial" w:hAnsi="Arial" w:cs="Arial"/><w:color w:val="000000"/><w:sz w:val="28"/><w:szCs w:val="28"/></w:rPr></w:pPr><w:r><w:rPr><w:rStyle w:val="normalchar"/><w:rFonts w:ascii="Arial" w:hAnsi="Arial" w:cs="Arial"/><w:color w:val="000000"/><w:sz w:val="28"/><w:szCs w:val="28"/></w:rPr><w:t>Alan</w:t></w:r></w:p><w:p w14:paraId="1F219186" w14:textId="77777777" w:rsidR="00BA50BB" w:rsidRDefault="00BA50BB" w:rsidP="0008632A"><w:pPr><w:pStyle w:val="Normal1"/><w:spacing w:before="0" w:beforeAutospacing="0" w:after="0" w:afterAutospacing="0" w:line="360" w:lineRule="atLeast"/><w:ind w:firstLine="1400"/><w:jc w:val="both"/><w:rPr><w:rStyle w:val="normalchar"/><w:rFonts w:ascii="Arial" w:hAnsi="Arial" w:cs="Arial"/><w:color w:val="000000"/><w:sz w:val="28"/><w:szCs w:val="28"/></w:rPr></w:pPr><w:r><w:rPr><w:rStyle w:val="normalchar"/><w:rFonts w:ascii="Arial" w:hAnsi="Arial" w:cs="Arial"/><w:color w:val="000000"/><w:sz w:val="28"/><w:szCs w:val="28"/></w:rPr><w:t>Seu texto está muito bom, bem construído e objetivo, basta fazer pequenos ajustes na norma padrão.</w:t></w:r></w:p><w:p w14:paraId="65D87454" w14:textId="77777777" w:rsidR="00BA50BB" w:rsidRDefault="00BA50BB" w:rsidP="0008632A"><w:pPr><w:pStyle w:val="Normal1"/><w:spacing w:before="0" w:beforeAutospacing="0" w:after="0" w:afterAutospacing="0" w:line="360" w:lineRule="atLeast"/><w:ind w:firstLine="1400"/><w:jc w:val="both"/><w:rPr><w:rFonts w:ascii="Calibri" w:hAnsi="Calibri" w:cs="Calibri"/><w:color w:val="000000"/><w:sz w:val="22"/><w:szCs w:val="22"/></w:rPr></w:pPr><w:r><w:rPr><w:rStyle w:val="normalchar"/><w:rFonts w:ascii="Arial" w:hAnsi="Arial" w:cs="Arial"/><w:color w:val="000000"/><w:sz w:val="28"/><w:szCs w:val="28"/></w:rPr><w:lastRenderedPageBreak/><w:t>NOTA: 90</w:t></w:r></w:p><w:p w14:paraId="3BF3B2A0" w14:textId="77777777" w:rsidR="0008632A" w:rsidRDefault="0008632A" w:rsidP="0008632A"><w:pPr><w:pStyle w:val="Normal1"/><w:spacing w:before="0" w:beforeAutospacing="0" w:after="200" w:afterAutospacing="0" w:line="260" w:lineRule="atLeast"/><w:rPr><w:rFonts w:ascii="Calibri" w:hAnsi="Calibri" w:cs="Calibri"/><w:color w:val="000000"/><w:sz w:val="22"/><w:szCs w:val="22"/></w:rPr></w:pPr><w:r><w:rPr><w:rFonts w:ascii="Calibri" w:hAnsi="Calibri" w:cs="Calibri"/><w:color w:val="000000"/><w:sz w:val="22"/><w:szCs w:val="22"/></w:rPr><w:t> </w:t></w:r></w:p><w:p w14:paraId="0F18847C" w14:textId="77777777" w:rsidR="00EE79AC" w:rsidRDefault="00EE79AC"/><w:sectPr w:rsidR="00EE79AC"><w:pgSz w:w="11906" w:h="16838"/><w:pgMar w:top="1417" w:right="1701" w:bottom="1417" w:left="1701" w:header="708" w:footer="708" w:gutter="0"/><w:cols w:space="708"/><w:docGrid w:linePitch="360"/></w:sectPr></w:body></w:document>